--
-- PostgreSQL database dump
--

-- Dumped from database version 16.2
-- Dumped by pg_dump version 16.2

-- Started on 2024-05-04 00:00:11

SET statement_timeout = 0;
SET lock_timeout = 0;
SET idle_in_transaction_session_timeout = 0;
SET client_encoding = 'UTF8';
SET standard_conforming_strings = on;
SELECT pg_catalog.set_config('search_path', '', false);
SET check_function_bodies = false;
SET xmloption = content;
SET client_min_messages = warning;
SET row_security = off;

SET default_tablespace = '';

SET default_table_access_method = heap;

--
-- TOC entry 222 (class 1259 OID 16604)
-- Name: auth_group; Type: TABLE; Schema: public; Owner: admin
--

CREATE TABLE public.auth_group (
    id integer NOT NULL,
    name character varying(150) NOT NULL
);


ALTER TABLE public.auth_group OWNER TO admin;

--
-- TOC entry 221 (class 1259 OID 16603)
-- Name: auth_group_id_seq; Type: SEQUENCE; Schema: public; Owner: admin
--

ALTER TABLE public.auth_group ALTER COLUMN id ADD GENERATED BY DEFAULT AS IDENTITY (
    SEQUENCE NAME public.auth_group_id_seq
    START WITH 1
    INCREMENT BY 1
    NO MINVALUE
    NO MAXVALUE
    CACHE 1
);


--
-- TOC entry 224 (class 1259 OID 16612)
-- Name: auth_group_permissions; Type: TABLE; Schema: public; Owner: admin
--

CREATE TABLE public.auth_group_permissions (
    id bigint NOT NULL,
    group_id integer NOT NULL,
    permission_id integer NOT NULL
);


ALTER TABLE public.auth_group_permissions OWNER TO admin;

--
-- TOC entry 223 (class 1259 OID 16611)
-- Name: auth_group_permissions_id_seq; Type: SEQUENCE; Schema: public; Owner: admin
--

ALTER TABLE public.auth_group_permissions ALTER COLUMN id ADD GENERATED BY DEFAULT AS IDENTITY (
    SEQUENCE NAME public.auth_group_permissions_id_seq
    START WITH 1
    INCREMENT BY 1
    NO MINVALUE
    NO MAXVALUE
    CACHE 1
);


--
-- TOC entry 220 (class 1259 OID 16598)
-- Name: auth_permission; Type: TABLE; Schema: public; Owner: admin
--

CREATE TABLE public.auth_permission (
    id integer NOT NULL,
    name character varying(255) NOT NULL,
    content_type_id integer NOT NULL,
    codename character varying(100) NOT NULL
);


ALTER TABLE public.auth_permission OWNER TO admin;

--
-- TOC entry 219 (class 1259 OID 16597)
-- Name: auth_permission_id_seq; Type: SEQUENCE; Schema: public; Owner: admin
--

ALTER TABLE public.auth_permission ALTER COLUMN id ADD GENERATED BY DEFAULT AS IDENTITY (
    SEQUENCE NAME public.auth_permission_id_seq
    START WITH 1
    INCREMENT BY 1
    NO MINVALUE
    NO MAXVALUE
    CACHE 1
);


--
-- TOC entry 239 (class 1259 OID 16757)
-- Name: cart; Type: TABLE; Schema: public; Owner: admin
--

CREATE TABLE public.cart (
    id bigint NOT NULL,
    quantity smallint NOT NULL,
    created_timestamp timestamp with time zone NOT NULL,
    product_id bigint NOT NULL,
    user_id bigint,
    CONSTRAINT cart_quantity_check CHECK ((quantity >= 0))
);


ALTER TABLE public.cart OWNER TO admin;

--
-- TOC entry 238 (class 1259 OID 16756)
-- Name: cart_id_seq; Type: SEQUENCE; Schema: public; Owner: admin
--

ALTER TABLE public.cart ALTER COLUMN id ADD GENERATED BY DEFAULT AS IDENTITY (
    SEQUENCE NAME public.cart_id_seq
    START WITH 1
    INCREMENT BY 1
    NO MINVALUE
    NO MAXVALUE
    CACHE 1
);


--
-- TOC entry 234 (class 1259 OID 16716)
-- Name: category; Type: TABLE; Schema: public; Owner: admin
--

CREATE TABLE public.category (
    id bigint NOT NULL,
    name character varying(150) NOT NULL,
    slug character varying(200)
);


ALTER TABLE public.category OWNER TO admin;

--
-- TOC entry 233 (class 1259 OID 16715)
-- Name: category_id_seq; Type: SEQUENCE; Schema: public; Owner: admin
--

ALTER TABLE public.category ALTER COLUMN id ADD GENERATED BY DEFAULT AS IDENTITY (
    SEQUENCE NAME public.category_id_seq
    START WITH 1
    INCREMENT BY 1
    NO MINVALUE
    NO MAXVALUE
    CACHE 1
);


--
-- TOC entry 232 (class 1259 OID 16695)
-- Name: django_admin_log; Type: TABLE; Schema: public; Owner: admin
--

CREATE TABLE public.django_admin_log (
    id integer NOT NULL,
    action_time timestamp with time zone NOT NULL,
    object_id text,
    object_repr character varying(200) NOT NULL,
    action_flag smallint NOT NULL,
    change_message text NOT NULL,
    content_type_id integer,
    user_id bigint NOT NULL,
    CONSTRAINT django_admin_log_action_flag_check CHECK ((action_flag >= 0))
);


ALTER TABLE public.django_admin_log OWNER TO admin;

--
-- TOC entry 231 (class 1259 OID 16694)
-- Name: django_admin_log_id_seq; Type: SEQUENCE; Schema: public; Owner: admin
--

ALTER TABLE public.django_admin_log ALTER COLUMN id ADD GENERATED BY DEFAULT AS IDENTITY (
    SEQUENCE NAME public.django_admin_log_id_seq
    START WITH 1
    INCREMENT BY 1
    NO MINVALUE
    NO MAXVALUE
    CACHE 1
);


--
-- TOC entry 218 (class 1259 OID 16590)
-- Name: django_content_type; Type: TABLE; Schema: public; Owner: admin
--

CREATE TABLE public.django_content_type (
    id integer NOT NULL,
    app_label character varying(100) NOT NULL,
    model character varying(100) NOT NULL
);


ALTER TABLE public.django_content_type OWNER TO admin;

--
-- TOC entry 217 (class 1259 OID 16589)
-- Name: django_content_type_id_seq; Type: SEQUENCE; Schema: public; Owner: admin
--

ALTER TABLE public.django_content_type ALTER COLUMN id ADD GENERATED BY DEFAULT AS IDENTITY (
    SEQUENCE NAME public.django_content_type_id_seq
    START WITH 1
    INCREMENT BY 1
    NO MINVALUE
    NO MAXVALUE
    CACHE 1
);


--
-- TOC entry 216 (class 1259 OID 16582)
-- Name: django_migrations; Type: TABLE; Schema: public; Owner: admin
--

CREATE TABLE public.django_migrations (
    id bigint NOT NULL,
    app character varying(255) NOT NULL,
    name character varying(255) NOT NULL,
    applied timestamp with time zone NOT NULL
);


ALTER TABLE public.django_migrations OWNER TO admin;

--
-- TOC entry 215 (class 1259 OID 16581)
-- Name: django_migrations_id_seq; Type: SEQUENCE; Schema: public; Owner: admin
--

ALTER TABLE public.django_migrations ALTER COLUMN id ADD GENERATED BY DEFAULT AS IDENTITY (
    SEQUENCE NAME public.django_migrations_id_seq
    START WITH 1
    INCREMENT BY 1
    NO MINVALUE
    NO MAXVALUE
    CACHE 1
);


--
-- TOC entry 237 (class 1259 OID 16747)
-- Name: django_session; Type: TABLE; Schema: public; Owner: admin
--

CREATE TABLE public.django_session (
    session_key character varying(40) NOT NULL,
    session_data text NOT NULL,
    expire_date timestamp with time zone NOT NULL
);


ALTER TABLE public.django_session OWNER TO admin;

--
-- TOC entry 241 (class 1259 OID 16777)
-- Name: order; Type: TABLE; Schema: public; Owner: admin
--

CREATE TABLE public."order" (
    id bigint NOT NULL,
    created_timestamp timestamp with time zone NOT NULL,
    phone_number character varying(20) NOT NULL,
    delivery_address text,
    user_id bigint,
    land_area numeric(10,2),
    land_processing_date date
);


ALTER TABLE public."order" OWNER TO admin;

--
-- TOC entry 240 (class 1259 OID 16776)
-- Name: order_id_seq; Type: SEQUENCE; Schema: public; Owner: admin
--

ALTER TABLE public."order" ALTER COLUMN id ADD GENERATED BY DEFAULT AS IDENTITY (
    SEQUENCE NAME public.order_id_seq
    START WITH 1
    INCREMENT BY 1
    NO MINVALUE
    NO MAXVALUE
    CACHE 1
);


--
-- TOC entry 243 (class 1259 OID 16785)
-- Name: order_item; Type: TABLE; Schema: public; Owner: admin
--

CREATE TABLE public.order_item (
    id bigint NOT NULL,
    name character varying(150) NOT NULL,
    price numeric(7,2) NOT NULL,
    quantity integer NOT NULL,
    created_timestamp timestamp with time zone NOT NULL,
    order_id bigint NOT NULL,
    product_id bigint,
    CONSTRAINT order_item_quantity_check CHECK ((quantity >= 0))
);


ALTER TABLE public.order_item OWNER TO admin;

--
-- TOC entry 242 (class 1259 OID 16784)
-- Name: order_item_id_seq; Type: SEQUENCE; Schema: public; Owner: admin
--

ALTER TABLE public.order_item ALTER COLUMN id ADD GENERATED BY DEFAULT AS IDENTITY (
    SEQUENCE NAME public.order_item_id_seq
    START WITH 1
    INCREMENT BY 1
    NO MINVALUE
    NO MAXVALUE
    CACHE 1
);


--
-- TOC entry 236 (class 1259 OID 16726)
-- Name: product; Type: TABLE; Schema: public; Owner: admin
--

CREATE TABLE public.product (
    id bigint NOT NULL,
    name character varying(150) NOT NULL,
    slug character varying(200),
    description text,
    image character varying(100),
    price numeric(7,2) NOT NULL,
    category_id bigint NOT NULL
);


ALTER TABLE public.product OWNER TO admin;

--
-- TOC entry 235 (class 1259 OID 16725)
-- Name: product_id_seq; Type: SEQUENCE; Schema: public; Owner: admin
--

ALTER TABLE public.product ALTER COLUMN id ADD GENERATED BY DEFAULT AS IDENTITY (
    SEQUENCE NAME public.product_id_seq
    START WITH 1
    INCREMENT BY 1
    NO MINVALUE
    NO MAXVALUE
    CACHE 1
);


--
-- TOC entry 226 (class 1259 OID 16644)
-- Name: user; Type: TABLE; Schema: public; Owner: admin
--

CREATE TABLE public."user" (
    id bigint NOT NULL,
    password character varying(128) NOT NULL,
    last_login timestamp with time zone,
    is_superuser boolean NOT NULL,
    username character varying(150) NOT NULL,
    first_name character varying(150) NOT NULL,
    last_name character varying(150) NOT NULL,
    email character varying(254) NOT NULL,
    is_staff boolean NOT NULL,
    is_active boolean NOT NULL,
    date_joined timestamp with time zone NOT NULL,
    image character varying(100),
    phone_number character varying(10)
);


ALTER TABLE public."user" OWNER TO admin;

--
-- TOC entry 228 (class 1259 OID 16654)
-- Name: user_groups; Type: TABLE; Schema: public; Owner: admin
--

CREATE TABLE public.user_groups (
    id bigint NOT NULL,
    user_id bigint NOT NULL,
    group_id integer NOT NULL
);


ALTER TABLE public.user_groups OWNER TO admin;

--
-- TOC entry 227 (class 1259 OID 16653)
-- Name: user_groups_id_seq; Type: SEQUENCE; Schema: public; Owner: admin
--

ALTER TABLE public.user_groups ALTER COLUMN id ADD GENERATED BY DEFAULT AS IDENTITY (
    SEQUENCE NAME public.user_groups_id_seq
    START WITH 1
    INCREMENT BY 1
    NO MINVALUE
    NO MAXVALUE
    CACHE 1
);


--
-- TOC entry 225 (class 1259 OID 16643)
-- Name: user_id_seq; Type: SEQUENCE; Schema: public; Owner: admin
--

ALTER TABLE public."user" ALTER COLUMN id ADD GENERATED BY DEFAULT AS IDENTITY (
    SEQUENCE NAME public.user_id_seq
    START WITH 1
    INCREMENT BY 1
    NO MINVALUE
    NO MAXVALUE
    CACHE 1
);


--
-- TOC entry 230 (class 1259 OID 16660)
-- Name: user_user_permissions; Type: TABLE; Schema: public; Owner: admin
--

CREATE TABLE public.user_user_permissions (
    id bigint NOT NULL,
    user_id bigint NOT NULL,
    permission_id integer NOT NULL
);


ALTER TABLE public.user_user_permissions OWNER TO admin;

--
-- TOC entry 229 (class 1259 OID 16659)
-- Name: user_user_permissions_id_seq; Type: SEQUENCE; Schema: public; Owner: admin
--

ALTER TABLE public.user_user_permissions ALTER COLUMN id ADD GENERATED BY DEFAULT AS IDENTITY (
    SEQUENCE NAME public.user_user_permissions_id_seq
    START WITH 1
    INCREMENT BY 1
    NO MINVALUE
    NO MAXVALUE
    CACHE 1
);


--
-- TOC entry 5000 (class 0 OID 16604)
-- Dependencies: 222
-- Data for Name: auth_group; Type: TABLE DATA; Schema: public; Owner: admin
--

COPY public.auth_group (id, name) FROM stdin;
\.


--
-- TOC entry 5002 (class 0 OID 16612)
-- Dependencies: 224
-- Data for Name: auth_group_permissions; Type: TABLE DATA; Schema: public; Owner: admin
--

COPY public.auth_group_permissions (id, group_id, permission_id) FROM stdin;
\.


--
-- TOC entry 4998 (class 0 OID 16598)
-- Dependencies: 220
-- Data for Name: auth_permission; Type: TABLE DATA; Schema: public; Owner: admin
--

COPY public.auth_permission (id, name, content_type_id, codename) FROM stdin;
1	Can add log entry	1	add_logentry
2	Can change log entry	1	change_logentry
3	Can delete log entry	1	delete_logentry
4	Can view log entry	1	view_logentry
5	Can add permission	2	add_permission
6	Can change permission	2	change_permission
7	Can delete permission	2	delete_permission
8	Can view permission	2	view_permission
9	Can add group	3	add_group
10	Can change group	3	change_group
11	Can delete group	3	delete_group
12	Can view group	3	view_group
13	Can add content type	4	add_contenttype
14	Can change content type	4	change_contenttype
15	Can delete content type	4	delete_contenttype
16	Can view content type	4	view_contenttype
17	Can add session	5	add_session
18	Can change session	5	change_session
19	Can delete session	5	delete_session
20	Can view session	5	view_session
21	Can add Категорию	6	add_categories
22	Can change Категорию	6	change_categories
23	Can delete Категорию	6	delete_categories
24	Can view Категорию	6	view_categories
25	Can add Продукт	7	add_products
26	Can change Продукт	7	change_products
27	Can delete Продукт	7	delete_products
28	Can view Продукт	7	view_products
29	Can add Пользователя	8	add_user
30	Can change Пользователя	8	change_user
31	Can delete Пользователя	8	delete_user
32	Can view Пользователя	8	view_user
33	Can add Корзина	9	add_cart
34	Can change Корзина	9	change_cart
35	Can delete Корзина	9	delete_cart
36	Can view Корзина	9	view_cart
37	Can add Заказ	10	add_order
38	Can change Заказ	10	change_order
39	Can delete Заказ	10	delete_order
40	Can view Заказ	10	view_order
41	Can add Проданный товар	11	add_orderitem
42	Can change Проданный товар	11	change_orderitem
43	Can delete Проданный товар	11	delete_orderitem
44	Can view Проданный товар	11	view_orderitem
\.


--
-- TOC entry 5017 (class 0 OID 16757)
-- Dependencies: 239
-- Data for Name: cart; Type: TABLE DATA; Schema: public; Owner: admin
--

COPY public.cart (id, quantity, created_timestamp, product_id, user_id) FROM stdin;
56	1	2024-05-02 05:06:17.478282+04	2	7
69	1	2024-05-02 12:07:16.770746+04	5	8
70	1	2024-05-02 12:07:17.506702+04	3	8
\.


--
-- TOC entry 5012 (class 0 OID 16716)
-- Dependencies: 234
-- Data for Name: category; Type: TABLE DATA; Schema: public; Owner: admin
--

COPY public.category (id, name, slug) FROM stdin;
4	Все комбайны	all
5	Зерноуборочные	zernouborochnye
6	Кормоуборочные	kormouborochnye
7	Свеклоуборочные	sveklouborochnye
\.


--
-- TOC entry 5010 (class 0 OID 16695)
-- Dependencies: 232
-- Data for Name: django_admin_log; Type: TABLE DATA; Schema: public; Owner: admin
--

COPY public.django_admin_log (id, action_time, object_id, object_repr, action_flag, change_message, content_type_id, user_id) FROM stdin;
1	2024-05-02 09:18:49.588849+04	2	Зерноуборочный комбайн CLAAS MEGA-360	2	[{"changed": {"fields": ["\\u0426\\u0435\\u043d\\u0430"]}}]	7	1
\.


--
-- TOC entry 4996 (class 0 OID 16590)
-- Dependencies: 218
-- Data for Name: django_content_type; Type: TABLE DATA; Schema: public; Owner: admin
--

COPY public.django_content_type (id, app_label, model) FROM stdin;
1	admin	logentry
2	auth	permission
3	auth	group
4	contenttypes	contenttype
5	sessions	session
6	goods	categories
7	goods	products
8	users	user
9	carts	cart
10	orders	order
11	orders	orderitem
\.


--
-- TOC entry 4994 (class 0 OID 16582)
-- Dependencies: 216
-- Data for Name: django_migrations; Type: TABLE DATA; Schema: public; Owner: admin
--

COPY public.django_migrations (id, app, name, applied) FROM stdin;
1	contenttypes	0001_initial	2024-04-28 15:01:32.657512+04
2	contenttypes	0002_remove_content_type_name	2024-04-28 15:01:32.663417+04
3	auth	0001_initial	2024-04-28 15:01:32.698964+04
4	auth	0002_alter_permission_name_max_length	2024-04-28 15:01:32.702033+04
5	auth	0003_alter_user_email_max_length	2024-04-28 15:01:32.705095+04
6	auth	0004_alter_user_username_opts	2024-04-28 15:01:32.709079+04
7	auth	0005_alter_user_last_login_null	2024-04-28 15:01:32.71308+04
8	auth	0006_require_contenttypes_0002	2024-04-28 15:01:32.714079+04
9	auth	0007_alter_validators_add_error_messages	2024-04-28 15:01:32.719095+04
10	auth	0008_alter_user_username_max_length	2024-04-28 15:01:32.722079+04
11	auth	0009_alter_user_last_name_max_length	2024-04-28 15:01:32.723186+04
12	auth	0010_alter_group_name_max_length	2024-04-28 15:01:32.731979+04
13	auth	0011_update_proxy_permissions	2024-04-28 15:01:32.736377+04
14	auth	0012_alter_user_first_name_max_length	2024-04-28 15:01:32.740377+04
15	users	0001_initial	2024-04-28 15:01:32.775353+04
16	admin	0001_initial	2024-04-28 15:01:32.791087+04
17	admin	0002_logentry_remove_auto_add	2024-04-28 15:01:32.797088+04
18	admin	0003_logentry_add_action_flag_choices	2024-04-28 15:01:32.802261+04
19	goods	0001_initial	2024-04-28 15:01:32.828566+04
20	sessions	0001_initial	2024-04-28 15:01:32.839308+04
21	carts	0001_initial	2024-05-01 20:39:29.59598+04
22	carts	0002_alter_cart_options	2024-05-01 23:05:53.825569+04
23	users	0002_remove_user_phone_number	2024-05-01 23:05:53.837571+04
24	carts	0003_remove_cart_session_key	2024-05-01 23:35:54.427704+04
25	orders	0001_initial	2024-05-02 00:35:00.662495+04
26	users	0003_user_phone_number	2024-05-02 00:35:00.671053+04
27	orders	0002_remove_order_is_paid_remove_order_payment_on_get_and_more	2024-05-02 00:36:26.749505+04
\.


--
-- TOC entry 5015 (class 0 OID 16747)
-- Dependencies: 237
-- Data for Name: django_session; Type: TABLE DATA; Schema: public; Owner: admin
--

COPY public.django_session (session_key, session_data, expire_date) FROM stdin;
zqsk302wfxf7y1jwuz8ss7q6mxhebjut	e30:1s131f:K9xY0e2MnlxxmNHxYHx5wI-tRY93eafqImyYZEr5CsE	2024-05-12 15:48:59.691551+04
mmq0rxkmnthqnm2gzjs1t43r7cwt7fvd	e30:1s133E:sQ5ZAlTSuHRVk2FQqzP9dUagWWqDrsTWyohRcNOlEoI	2024-05-12 15:50:36.512835+04
h14wc8swttl2hh5jhck9b7gafh1iqouq	.eJxVjEEOwiAQRe_C2hAoDgMu3fcMZIBBqoYmpV0Z765NutDtf-_9lwi0rTVsnZcwZXERWpx-t0jpwW0H-U7tNss0t3WZotwVedAuxznz83q4fweVev3W54RswCAaU5KyWTnwuiAnYE9ag2dIFr1VzqIFzgWN81EDDYw8gBLvD8YFNwg:1s2Uvl:LuEgyRaCmn6e18w0OF845ERV55laM-oE_futsCzwcN4	2024-05-16 15:48:53.753161+04
s3chfidd0j4b07ykczfv31i5aei04a0a	.eJxVjEEOwiAQRe_C2hAoDgMu3fcMZIBBqoYmpV0Z765NutDtf-_9lwi0rTVsnZcwZXERWpx-t0jpwW0H-U7tNss0t3WZotwVedAuxznz83q4fweVev3W54RswCAaU5KyWTnwuiAnYE9ag2dIFr1VzqIFzgWN81EDDYw8gBLvD8YFNwg:1s2yKJ:rUWvGkbpDSwIUv3Xh2xB1BILa87sY97Ow79qgGOfHkA	2024-05-17 23:12:11.123955+04
\.


--
-- TOC entry 5019 (class 0 OID 16777)
-- Dependencies: 241
-- Data for Name: order; Type: TABLE DATA; Schema: public; Owner: admin
--

COPY public."order" (id, created_timestamp, phone_number, delivery_address, user_id, land_area, land_processing_date) FROM stdin;
1	2024-05-02 04:10:40.454121+04	2121	ЫВ	1	1.00	2024-05-17
2	2024-05-02 04:30:12.538845+04	89765463047	Воздушная 32	7	2300.00	2024-06-09
3	2024-05-02 05:00:30.147427+04	8888888888	Генерала Мельникова\r\n20	7	962.00	2024-03-02
4	2024-05-02 05:29:43.172948+04	8111188881	Домик у домика около домика	1	228.00	2024-05-05
5	2024-05-02 09:23:18.903701+04	7658493028	Камышенская	1	123.00	2023-12-06
6	2024-05-02 09:57:44.663213+04	8765432123	zDfdsaf	1	234.00	2111-05-23
7	2024-05-02 15:46:06.69083+04	1234567891	kugkuy	9	567.00	2008-06-05
8	2024-05-03 08:40:58.978598+04	8904904904	Генерала	1	11111.00	2024-05-19
\.


--
-- TOC entry 5021 (class 0 OID 16785)
-- Dependencies: 243
-- Data for Name: order_item; Type: TABLE DATA; Schema: public; Owner: admin
--

COPY public.order_item (id, name, price, quantity, created_timestamp, order_id, product_id) FROM stdin;
1	Кормоуборочный комбайн РСМ-1401	231.00	1	2024-05-02 04:10:40.462267+04	1	11
2	Зерноуборочный комбайн John Deere	100.00	2	2024-05-02 04:30:12.542776+04	2	1
3	Свеклоуборочный комбайн WIC Amity	7685.00	1	2024-05-02 04:30:12.550852+04	2	6
4	Зерноуборочный комбайн Claas Dominator mega 204	24112.00	1	2024-05-02 04:30:12.550852+04	2	4
5	Зерноуборочный комбайн CLAAS MEGA-360	200.00	1	2024-05-02 05:00:30.1545+04	3	2
6	Зерноуборочный комбайн Дон 1500Б	543.00	1	2024-05-02 05:29:43.178797+04	4	3
7	Зерноуборочный комбайн CLAAS MEGA-360	22100.00	1	2024-05-02 09:23:18.91077+04	5	2
8	Зерноуборочный комбайн СК-5М-1 Нива + Жатка ЖВН	20000.00	1	2024-05-02 09:23:18.917246+04	5	5
9	Зерноуборочный комбайн Дон 1500Б	543.00	1	2024-05-02 09:23:18.924514+04	5	3
10	Зерноуборочный комбайн Дон 1500Б	543.00	1	2024-05-02 09:57:44.669075+04	6	3
11	Зерноуборочный комбайн Дон 1500Б	543.00	1	2024-05-02 15:46:06.697877+04	7	3
12	Свеклоуборочный комбайн Holmer Terra Dos 5	333.00	1	2024-05-02 15:46:06.704592+04	7	9
13	Кормоуборочный комбайн РСМ-1401	231.00	1	2024-05-03 08:40:58.985654+04	8	11
\.


--
-- TOC entry 5014 (class 0 OID 16726)
-- Dependencies: 236
-- Data for Name: product; Type: TABLE DATA; Schema: public; Owner: admin
--

COPY public.product (id, name, slug, description, image, price, category_id) FROM stdin;
2	Зерноуборочный комбайн CLAAS MEGA-360	zernouborochnyj-kombajn-claas-mega-360	Зерноуборочные комбайны CLAAS MEGA 360 в отличном состоянии, 245 л.с., 3000 – 3500 м.ч., жатка зерновая 7,5м на телеге. Год выпуска 2008, производство.	goods_images/zer_claas_mega_360.jpg	22100.00	5
5	Зерноуборочный комбайн СК-5М-1 Нива + Жатка ЖВН	zernouborochnyj-kombajn-sk-5m-1-niva-zhatka-zhvn	Комбайн зерноуборочный СК-5М-1 Нива + Жатка ЖВН. отправить запрос. г. Йошкар-Ола.	goods_images/zer_СК_5М_1.jpg	20000.00	5
3	Зерноуборочный комбайн Дон 1500Б	zernouborochnyj-kombajn-don-1500b	Дон-1500 — советский и российский зерноуборочный комбайн третьего поколения, выпускавшийся заводом «Ростсельмаш» с 1986 года. «1500» в названии означает ширину молотильного барабана	goods_images/zer_don_1500b.jpg	543.00	5
7	Свеклоуборочный комбайн Ropa Euro Tiger 2010 г.в	sveklouborochnyj-kombajn-ropa-euro-tiger-2010-gv	Год выпуска 2008г. Наработка 7400 м/ч. ООО "ГАРАНТ". г. Курск. Ropa Euro Tiger 2010 г.в. 200 000 euro / шт. Ropa Euro Tiger 2010 г.в. Ropa Tiger 3	goods_images/sv_euro_tiger_210.jpg	154.00	7
8	Свеклоуборочный комбайн Franz Kleine SF 10, 2008	sveklouborochnyj-kombajn-franz-kleine-sf-10-2008	1. Ширина междурядья, 45 см · 2. Ширина разгрузочной ленты, 1400 мм · 3. Объем топливного бака, 610 л · 4. Объём бункера, м15 · 5. Колесная база, 3800 мм · 6	goods_images/sv_Franz_Kleine_SF_10_2008.jpg	54321.00	7
10	Свеклоуборочный комбайн Holmer t3	sveklouborochnyj-kombajn-holmer-t3	Свеклоуборочный комбайн Holmer Т3 · Индивидуальные комплектации, высокая производительность, большие размеры · Рабочее оборудование для очистки и корчевания	goods_images/sv_holmer_t3.jpg	600.00	7
12	Кормоуборочный комбайн Дон 680	kormouborochnyj-kombajn-don-680	Кормоуборочный комбайн DON 680M — оптимальный вариант для средних и мелких животноводческих хозяйств со стадом до 500 голов или крупных животноводческих	goods_images/korm_don_680.jpg	666.00	6
1	Зерноуборочный комбайн John Deere	zernouborochnyj-kombajn-john-deere	Тип двигателя  Двигатель John Deere PowerTech, 6-цилиндровый, с одним турбонагнетателем\r\nНоминальная мощность  239 кВт/325 л.с.\r\nОбъем топливного бака  950 л	goods_images/zer_John_Deere_s670.jpg	100.00	5
6	Свеклоуборочный комбайн WIC Amity	sveklouborochnyj-kombajn-wic-amity	Комбайн AMITY 2300 ; Вид культуры Свеклоуборочные ; Тип перемещения Прицепные ; Количество рядков 4 - 6 ; Междурядье 46-76,2 см ; Тяговые требования от 170 л.с.	goods_images/sv_wic_Amity.jpg	7685.00	7
4	Зерноуборочный комбайн Claas Dominator mega 204	zernouborochnyj-kombajn-claas-dominator-mega-204	Зернохранилище – 7200 кг;; Разгрузка – 72 л/с;; Масса – 11 т. Может быть аналогом: комбайн, сельское хозяйство, зерноуборочный комбайн, сельхозтехника	goods_images/zer_dominator_mega_204.jpg	24112.00	5
9	Свеклоуборочный комбайн Holmer Terra Dos 5	sveklouborochnyj-kombajn-holmer-terra-dos-5	Свеклоуборочный комбайн Holmer Terra Dos T4-40. Год выпуска - 2015. Отличное техническое состояние. Масса - 32 000 кг. Мощность - 460 кВт.	goods_images/sv_holmer_terra_dos5.jpg	333.00	7
11	Кормоуборочный комбайн РСМ-1401	kormouborochnyj-kombajn-rsm-1401	Комбайн самоходный кормоуборочный РСМ 1401 предназначен для скашивания и измельчения с одновременной погрузкой в транспортные средства силосных культур, в том числе кукурузы в фазе восковой спелости зерна, многолетних и однолетних трав и смесей сорго, подсолнечника и других культур.	goods_images/korm_pcm_1401.jpg	231.00	6
\.


--
-- TOC entry 5004 (class 0 OID 16644)
-- Dependencies: 226
-- Data for Name: user; Type: TABLE DATA; Schema: public; Owner: admin
--

COPY public."user" (id, password, last_login, is_superuser, username, first_name, last_name, email, is_staff, is_active, date_joined, image, phone_number) FROM stdin;
5	pbkdf2_sha256$600000$nGWxDIB8NaRwAuqNkuArJW$rjmRc8qqODu0KtZnyStrJvUkRWUYtBDkTmoCMnpg5ro=	2024-05-01 17:28:13.684865+04	f	akka31	Аккаунт	Аккаунтов	novsadasasdstacer@gmail.com	f	t	2024-05-01 16:06:33.796477+04	users_images/zer_claas_mega_360.jpg	\N
6	pbkdf2_sha256$600000$3ldVlL862yqqrV1kMc7QAm$JGMMXoKMAnstgxFVC+pKoxyw+zsrNlvvxydsigTWbOk=	2024-05-01 19:25:53.538522+04	f	Konstantin	Константин	Константинов	sajdfhsajhfdui@gmail.com	f	t	2024-05-01 19:25:53.25653+04		\N
2	pbkdf2_sha256$600000$OCwk96STH5Xid58j5ydxzf$IFR4aC9aJWSOi4W3YPtVZx49jj9aBgDv5oeLswZaoIY=	2024-04-28 17:43:15.987877+04	f	abrakadabra	Илья	Нагаткин	novastacer@gamil.com	f	t	2024-04-28 17:43:04.27559+04		\N
1	pbkdf2_sha256$600000$dxkMZydQ4UTXUD0jA4j7X9$Nf0BG1Ev9P9Q88h9MtUwMfZRdKfk7lVDmzi3b0k2BAY=	2024-05-03 23:12:11.085877+04	t	root	Админ	Админов	admin@gmail.com	t	t	2024-04-28 15:02:46.548599+04	users_images/zer_Deutz-Fahr_6095_HTS_2014.jpg	\N
3	pbkdf2_sha256$600000$MXPz4pKZeIi6hi9dixJ4cc$bUTgS/ELpELfMpdXnJ9aYq+U3PJsaST3x//nxtErb9s=	2024-04-28 17:56:47.438679+04	f	ulstu	Имя	Фамилия	ulstu@gmail.com	f	t	2024-04-28 17:55:05.956913+04		\N
7	pbkdf2_sha256$600000$rKDFVSMyfn8gD2QSluk0ec$vUL6jHfkn/hkByC3c+xCL+B7ti2xGyqcsTbUQ0YQ0KA=	2024-05-02 04:29:05.940497+04	f	vladimir	Владимир	Владимиров	vladimir@gmail.com	f	t	2024-05-02 02:26:37.219842+04		\N
4	pbkdf2_sha256$600000$VloPJRN1wuPmwVlMZYFEQB$fc6M4ax3v1ievb9/yWlK06A2/EUQ5drlwZU28lNbFoI=	2024-05-01 15:36:40.395234+04	f	name	Имяяяя	Фамилияяяя	email@gmail.com	f	t	2024-05-01 15:36:12.983298+04		\N
8	pbkdf2_sha256$600000$RSJfv3ILMphwL5q7BlCNGc$xPHN6Snx5U1CZJSAXp0En2O8Vw7C2tr4v01ukg7IcOk=	2024-05-02 10:00:49.442483+04	f	root123	Илья	ИльяИлья	novastacer@gmail.com	f	t	2024-05-02 10:00:49.151723+04		\N
9	pbkdf2_sha256$600000$EFxtzY5fu7Ml5mjUnDzDKG$lXgA16hEPfV2HW3fH/0SGz72DmBMA/RbwF81pSTGhps=	2024-05-02 15:44:12.69182+04	f	eru7	Илья	Nagatkin	novastacer@gmail.com	f	t	2024-05-02 15:44:12.456435+04	users_images/sv_Franz_Kleine_SF_10_2008.jpg	\N
\.


--
-- TOC entry 5006 (class 0 OID 16654)
-- Dependencies: 228
-- Data for Name: user_groups; Type: TABLE DATA; Schema: public; Owner: admin
--

COPY public.user_groups (id, user_id, group_id) FROM stdin;
\.


--
-- TOC entry 5008 (class 0 OID 16660)
-- Dependencies: 230
-- Data for Name: user_user_permissions; Type: TABLE DATA; Schema: public; Owner: admin
--

COPY public.user_user_permissions (id, user_id, permission_id) FROM stdin;
\.


--
-- TOC entry 5027 (class 0 OID 0)
-- Dependencies: 221
-- Name: auth_group_id_seq; Type: SEQUENCE SET; Schema: public; Owner: admin
--

SELECT pg_catalog.setval('public.auth_group_id_seq', 1, false);


--
-- TOC entry 5028 (class 0 OID 0)
-- Dependencies: 223
-- Name: auth_group_permissions_id_seq; Type: SEQUENCE SET; Schema: public; Owner: admin
--

SELECT pg_catalog.setval('public.auth_group_permissions_id_seq', 1, false);


--
-- TOC entry 5029 (class 0 OID 0)
-- Dependencies: 219
-- Name: auth_permission_id_seq; Type: SEQUENCE SET; Schema: public; Owner: admin
--

SELECT pg_catalog.setval('public.auth_permission_id_seq', 44, true);


--
-- TOC entry 5030 (class 0 OID 0)
-- Dependencies: 238
-- Name: cart_id_seq; Type: SEQUENCE SET; Schema: public; Owner: admin
--

SELECT pg_catalog.setval('public.cart_id_seq', 76, true);


--
-- TOC entry 5031 (class 0 OID 0)
-- Dependencies: 233
-- Name: category_id_seq; Type: SEQUENCE SET; Schema: public; Owner: admin
--

SELECT pg_catalog.setval('public.category_id_seq', 7, true);


--
-- TOC entry 5032 (class 0 OID 0)
-- Dependencies: 231
-- Name: django_admin_log_id_seq; Type: SEQUENCE SET; Schema: public; Owner: admin
--

SELECT pg_catalog.setval('public.django_admin_log_id_seq', 1, true);


--
-- TOC entry 5033 (class 0 OID 0)
-- Dependencies: 217
-- Name: django_content_type_id_seq; Type: SEQUENCE SET; Schema: public; Owner: admin
--

SELECT pg_catalog.setval('public.django_content_type_id_seq', 11, true);


--
-- TOC entry 5034 (class 0 OID 0)
-- Dependencies: 215
-- Name: django_migrations_id_seq; Type: SEQUENCE SET; Schema: public; Owner: admin
--

SELECT pg_catalog.setval('public.django_migrations_id_seq', 27, true);


--
-- TOC entry 5035 (class 0 OID 0)
-- Dependencies: 240
-- Name: order_id_seq; Type: SEQUENCE SET; Schema: public; Owner: admin
--

SELECT pg_catalog.setval('public.order_id_seq', 8, true);


--
-- TOC entry 5036 (class 0 OID 0)
-- Dependencies: 242
-- Name: order_item_id_seq; Type: SEQUENCE SET; Schema: public; Owner: admin
--

SELECT pg_catalog.setval('public.order_item_id_seq', 13, true);


--
-- TOC entry 5037 (class 0 OID 0)
-- Dependencies: 235
-- Name: product_id_seq; Type: SEQUENCE SET; Schema: public; Owner: admin
--

SELECT pg_catalog.setval('public.product_id_seq', 12, true);


--
-- TOC entry 5038 (class 0 OID 0)
-- Dependencies: 227
-- Name: user_groups_id_seq; Type: SEQUENCE SET; Schema: public; Owner: admin
--

SELECT pg_catalog.setval('public.user_groups_id_seq', 1, false);


--
-- TOC entry 5039 (class 0 OID 0)
-- Dependencies: 225
-- Name: user_id_seq; Type: SEQUENCE SET; Schema: public; Owner: admin
--

SELECT pg_catalog.setval('public.user_id_seq', 9, true);


--
-- TOC entry 5040 (class 0 OID 0)
-- Dependencies: 229
-- Name: user_user_permissions_id_seq; Type: SEQUENCE SET; Schema: public; Owner: admin
--

SELECT pg_catalog.setval('public.user_user_permissions_id_seq', 1, false);


--
-- TOC entry 4773 (class 2606 OID 16641)
-- Name: auth_group auth_group_name_key; Type: CONSTRAINT; Schema: public; Owner: admin
--

ALTER TABLE ONLY public.auth_group
    ADD CONSTRAINT auth_group_name_key UNIQUE (name);


--
-- TOC entry 4778 (class 2606 OID 16627)
-- Name: auth_group_permissions auth_group_permissions_group_id_permission_id_0cd325b0_uniq; Type: CONSTRAINT; Schema: public; Owner: admin
--

ALTER TABLE ONLY public.auth_group_permissions
    ADD CONSTRAINT auth_group_permissions_group_id_permission_id_0cd325b0_uniq UNIQUE (group_id, permission_id);


--
-- TOC entry 4781 (class 2606 OID 16616)
-- Name: auth_group_permissions auth_group_permissions_pkey; Type: CONSTRAINT; Schema: public; Owner: admin
--

ALTER TABLE ONLY public.auth_group_permissions
    ADD CONSTRAINT auth_group_permissions_pkey PRIMARY KEY (id);


--
-- TOC entry 4775 (class 2606 OID 16608)
-- Name: auth_group auth_group_pkey; Type: CONSTRAINT; Schema: public; Owner: admin
--

ALTER TABLE ONLY public.auth_group
    ADD CONSTRAINT auth_group_pkey PRIMARY KEY (id);


--
-- TOC entry 4768 (class 2606 OID 16618)
-- Name: auth_permission auth_permission_content_type_id_codename_01ab375a_uniq; Type: CONSTRAINT; Schema: public; Owner: admin
--

ALTER TABLE ONLY public.auth_permission
    ADD CONSTRAINT auth_permission_content_type_id_codename_01ab375a_uniq UNIQUE (content_type_id, codename);


--
-- TOC entry 4770 (class 2606 OID 16602)
-- Name: auth_permission auth_permission_pkey; Type: CONSTRAINT; Schema: public; Owner: admin
--

ALTER TABLE ONLY public.auth_permission
    ADD CONSTRAINT auth_permission_pkey PRIMARY KEY (id);


--
-- TOC entry 4825 (class 2606 OID 16762)
-- Name: cart cart_pkey; Type: CONSTRAINT; Schema: public; Owner: admin
--

ALTER TABLE ONLY public.cart
    ADD CONSTRAINT cart_pkey PRIMARY KEY (id);


--
-- TOC entry 4805 (class 2606 OID 16722)
-- Name: category category_name_key; Type: CONSTRAINT; Schema: public; Owner: admin
--

ALTER TABLE ONLY public.category
    ADD CONSTRAINT category_name_key UNIQUE (name);


--
-- TOC entry 4807 (class 2606 OID 16720)
-- Name: category category_pkey; Type: CONSTRAINT; Schema: public; Owner: admin
--

ALTER TABLE ONLY public.category
    ADD CONSTRAINT category_pkey PRIMARY KEY (id);


--
-- TOC entry 4810 (class 2606 OID 16724)
-- Name: category category_slug_key; Type: CONSTRAINT; Schema: public; Owner: admin
--

ALTER TABLE ONLY public.category
    ADD CONSTRAINT category_slug_key UNIQUE (slug);


--
-- TOC entry 4801 (class 2606 OID 16702)
-- Name: django_admin_log django_admin_log_pkey; Type: CONSTRAINT; Schema: public; Owner: admin
--

ALTER TABLE ONLY public.django_admin_log
    ADD CONSTRAINT django_admin_log_pkey PRIMARY KEY (id);


--
-- TOC entry 4763 (class 2606 OID 16596)
-- Name: django_content_type django_content_type_app_label_model_76bd3d3b_uniq; Type: CONSTRAINT; Schema: public; Owner: admin
--

ALTER TABLE ONLY public.django_content_type
    ADD CONSTRAINT django_content_type_app_label_model_76bd3d3b_uniq UNIQUE (app_label, model);


--
-- TOC entry 4765 (class 2606 OID 16594)
-- Name: django_content_type django_content_type_pkey; Type: CONSTRAINT; Schema: public; Owner: admin
--

ALTER TABLE ONLY public.django_content_type
    ADD CONSTRAINT django_content_type_pkey PRIMARY KEY (id);


--
-- TOC entry 4761 (class 2606 OID 16588)
-- Name: django_migrations django_migrations_pkey; Type: CONSTRAINT; Schema: public; Owner: admin
--

ALTER TABLE ONLY public.django_migrations
    ADD CONSTRAINT django_migrations_pkey PRIMARY KEY (id);


--
-- TOC entry 4822 (class 2606 OID 16753)
-- Name: django_session django_session_pkey; Type: CONSTRAINT; Schema: public; Owner: admin
--

ALTER TABLE ONLY public.django_session
    ADD CONSTRAINT django_session_pkey PRIMARY KEY (session_key);


--
-- TOC entry 4833 (class 2606 OID 16790)
-- Name: order_item order_item_pkey; Type: CONSTRAINT; Schema: public; Owner: admin
--

ALTER TABLE ONLY public.order_item
    ADD CONSTRAINT order_item_pkey PRIMARY KEY (id);


--
-- TOC entry 4829 (class 2606 OID 16783)
-- Name: order order_pkey; Type: CONSTRAINT; Schema: public; Owner: admin
--

ALTER TABLE ONLY public."order"
    ADD CONSTRAINT order_pkey PRIMARY KEY (id);


--
-- TOC entry 4814 (class 2606 OID 16734)
-- Name: product product_name_key; Type: CONSTRAINT; Schema: public; Owner: admin
--

ALTER TABLE ONLY public.product
    ADD CONSTRAINT product_name_key UNIQUE (name);


--
-- TOC entry 4816 (class 2606 OID 16732)
-- Name: product product_pkey; Type: CONSTRAINT; Schema: public; Owner: admin
--

ALTER TABLE ONLY public.product
    ADD CONSTRAINT product_pkey PRIMARY KEY (id);


--
-- TOC entry 4819 (class 2606 OID 16736)
-- Name: product product_slug_key; Type: CONSTRAINT; Schema: public; Owner: admin
--

ALTER TABLE ONLY public.product
    ADD CONSTRAINT product_slug_key UNIQUE (slug);


--
-- TOC entry 4789 (class 2606 OID 16658)
-- Name: user_groups user_groups_pkey; Type: CONSTRAINT; Schema: public; Owner: admin
--

ALTER TABLE ONLY public.user_groups
    ADD CONSTRAINT user_groups_pkey PRIMARY KEY (id);


--
-- TOC entry 4792 (class 2606 OID 16667)
-- Name: user_groups user_groups_user_id_group_id_40beef00_uniq; Type: CONSTRAINT; Schema: public; Owner: admin
--

ALTER TABLE ONLY public.user_groups
    ADD CONSTRAINT user_groups_user_id_group_id_40beef00_uniq UNIQUE (user_id, group_id);


--
-- TOC entry 4783 (class 2606 OID 16650)
-- Name: user user_pkey; Type: CONSTRAINT; Schema: public; Owner: admin
--

ALTER TABLE ONLY public."user"
    ADD CONSTRAINT user_pkey PRIMARY KEY (id);


--
-- TOC entry 4795 (class 2606 OID 16664)
-- Name: user_user_permissions user_user_permissions_pkey; Type: CONSTRAINT; Schema: public; Owner: admin
--

ALTER TABLE ONLY public.user_user_permissions
    ADD CONSTRAINT user_user_permissions_pkey PRIMARY KEY (id);


--
-- TOC entry 4798 (class 2606 OID 16681)
-- Name: user_user_permissions user_user_permissions_user_id_permission_id_7dc6e2e0_uniq; Type: CONSTRAINT; Schema: public; Owner: admin
--

ALTER TABLE ONLY public.user_user_permissions
    ADD CONSTRAINT user_user_permissions_user_id_permission_id_7dc6e2e0_uniq UNIQUE (user_id, permission_id);


--
-- TOC entry 4786 (class 2606 OID 16652)
-- Name: user user_username_key; Type: CONSTRAINT; Schema: public; Owner: admin
--

ALTER TABLE ONLY public."user"
    ADD CONSTRAINT user_username_key UNIQUE (username);


--
-- TOC entry 4771 (class 1259 OID 16642)
-- Name: auth_group_name_a6ea08ec_like; Type: INDEX; Schema: public; Owner: admin
--

CREATE INDEX auth_group_name_a6ea08ec_like ON public.auth_group USING btree (name varchar_pattern_ops);


--
-- TOC entry 4776 (class 1259 OID 16638)
-- Name: auth_group_permissions_group_id_b120cbf9; Type: INDEX; Schema: public; Owner: admin
--

CREATE INDEX auth_group_permissions_group_id_b120cbf9 ON public.auth_group_permissions USING btree (group_id);


--
-- TOC entry 4779 (class 1259 OID 16639)
-- Name: auth_group_permissions_permission_id_84c5c92e; Type: INDEX; Schema: public; Owner: admin
--

CREATE INDEX auth_group_permissions_permission_id_84c5c92e ON public.auth_group_permissions USING btree (permission_id);


--
-- TOC entry 4766 (class 1259 OID 16624)
-- Name: auth_permission_content_type_id_2f476e4b; Type: INDEX; Schema: public; Owner: admin
--

CREATE INDEX auth_permission_content_type_id_2f476e4b ON public.auth_permission USING btree (content_type_id);


--
-- TOC entry 4826 (class 1259 OID 16773)
-- Name: cart_product_id_508e72da; Type: INDEX; Schema: public; Owner: admin
--

CREATE INDEX cart_product_id_508e72da ON public.cart USING btree (product_id);


--
-- TOC entry 4827 (class 1259 OID 16774)
-- Name: cart_user_id_1361a739; Type: INDEX; Schema: public; Owner: admin
--

CREATE INDEX cart_user_id_1361a739 ON public.cart USING btree (user_id);


--
-- TOC entry 4803 (class 1259 OID 16737)
-- Name: category_name_15cb1e98_like; Type: INDEX; Schema: public; Owner: admin
--

CREATE INDEX category_name_15cb1e98_like ON public.category USING btree (name varchar_pattern_ops);


--
-- TOC entry 4808 (class 1259 OID 16738)
-- Name: category_slug_fd4fc841_like; Type: INDEX; Schema: public; Owner: admin
--

CREATE INDEX category_slug_fd4fc841_like ON public.category USING btree (slug varchar_pattern_ops);


--
-- TOC entry 4799 (class 1259 OID 16713)
-- Name: django_admin_log_content_type_id_c4bce8eb; Type: INDEX; Schema: public; Owner: admin
--

CREATE INDEX django_admin_log_content_type_id_c4bce8eb ON public.django_admin_log USING btree (content_type_id);


--
-- TOC entry 4802 (class 1259 OID 16714)
-- Name: django_admin_log_user_id_c564eba6; Type: INDEX; Schema: public; Owner: admin
--

CREATE INDEX django_admin_log_user_id_c564eba6 ON public.django_admin_log USING btree (user_id);


--
-- TOC entry 4820 (class 1259 OID 16755)
-- Name: django_session_expire_date_a5c62663; Type: INDEX; Schema: public; Owner: admin
--

CREATE INDEX django_session_expire_date_a5c62663 ON public.django_session USING btree (expire_date);


--
-- TOC entry 4823 (class 1259 OID 16754)
-- Name: django_session_session_key_c0390e0f_like; Type: INDEX; Schema: public; Owner: admin
--

CREATE INDEX django_session_session_key_c0390e0f_like ON public.django_session USING btree (session_key varchar_pattern_ops);


--
-- TOC entry 4831 (class 1259 OID 16807)
-- Name: order_item_order_id_0ca9e92e; Type: INDEX; Schema: public; Owner: admin
--

CREATE INDEX order_item_order_id_0ca9e92e ON public.order_item USING btree (order_id);


--
-- TOC entry 4834 (class 1259 OID 16808)
-- Name: order_item_product_id_62a1cc4c; Type: INDEX; Schema: public; Owner: admin
--

CREATE INDEX order_item_product_id_62a1cc4c ON public.order_item USING btree (product_id);


--
-- TOC entry 4830 (class 1259 OID 16796)
-- Name: order_user_id_e323497c; Type: INDEX; Schema: public; Owner: admin
--

CREATE INDEX order_user_id_e323497c ON public."order" USING btree (user_id);


--
-- TOC entry 4811 (class 1259 OID 16746)
-- Name: product_category_id_640030a0; Type: INDEX; Schema: public; Owner: admin
--

CREATE INDEX product_category_id_640030a0 ON public.product USING btree (category_id);


--
-- TOC entry 4812 (class 1259 OID 16744)
-- Name: product_name_af48c283_like; Type: INDEX; Schema: public; Owner: admin
--

CREATE INDEX product_name_af48c283_like ON public.product USING btree (name varchar_pattern_ops);


--
-- TOC entry 4817 (class 1259 OID 16745)
-- Name: product_slug_c4732ed0_like; Type: INDEX; Schema: public; Owner: admin
--

CREATE INDEX product_slug_c4732ed0_like ON public.product USING btree (slug varchar_pattern_ops);


--
-- TOC entry 4787 (class 1259 OID 16679)
-- Name: user_groups_group_id_b76f8aba; Type: INDEX; Schema: public; Owner: admin
--

CREATE INDEX user_groups_group_id_b76f8aba ON public.user_groups USING btree (group_id);


--
-- TOC entry 4790 (class 1259 OID 16678)
-- Name: user_groups_user_id_abaea130; Type: INDEX; Schema: public; Owner: admin
--

CREATE INDEX user_groups_user_id_abaea130 ON public.user_groups USING btree (user_id);


--
-- TOC entry 4793 (class 1259 OID 16693)
-- Name: user_user_permissions_permission_id_9deb68a3; Type: INDEX; Schema: public; Owner: admin
--

CREATE INDEX user_user_permissions_permission_id_9deb68a3 ON public.user_user_permissions USING btree (permission_id);


--
-- TOC entry 4796 (class 1259 OID 16692)
-- Name: user_user_permissions_user_id_ed4a47ea; Type: INDEX; Schema: public; Owner: admin
--

CREATE INDEX user_user_permissions_user_id_ed4a47ea ON public.user_user_permissions USING btree (user_id);


--
-- TOC entry 4784 (class 1259 OID 16665)
-- Name: user_username_cf016618_like; Type: INDEX; Schema: public; Owner: admin
--

CREATE INDEX user_username_cf016618_like ON public."user" USING btree (username varchar_pattern_ops);


--
-- TOC entry 4836 (class 2606 OID 16633)
-- Name: auth_group_permissions auth_group_permissio_permission_id_84c5c92e_fk_auth_perm; Type: FK CONSTRAINT; Schema: public; Owner: admin
--

ALTER TABLE ONLY public.auth_group_permissions
    ADD CONSTRAINT auth_group_permissio_permission_id_84c5c92e_fk_auth_perm FOREIGN KEY (permission_id) REFERENCES public.auth_permission(id) DEFERRABLE INITIALLY DEFERRED;


--
-- TOC entry 4837 (class 2606 OID 16628)
-- Name: auth_group_permissions auth_group_permissions_group_id_b120cbf9_fk_auth_group_id; Type: FK CONSTRAINT; Schema: public; Owner: admin
--

ALTER TABLE ONLY public.auth_group_permissions
    ADD CONSTRAINT auth_group_permissions_group_id_b120cbf9_fk_auth_group_id FOREIGN KEY (group_id) REFERENCES public.auth_group(id) DEFERRABLE INITIALLY DEFERRED;


--
-- TOC entry 4835 (class 2606 OID 16619)
-- Name: auth_permission auth_permission_content_type_id_2f476e4b_fk_django_co; Type: FK CONSTRAINT; Schema: public; Owner: admin
--

ALTER TABLE ONLY public.auth_permission
    ADD CONSTRAINT auth_permission_content_type_id_2f476e4b_fk_django_co FOREIGN KEY (content_type_id) REFERENCES public.django_content_type(id) DEFERRABLE INITIALLY DEFERRED;


--
-- TOC entry 4845 (class 2606 OID 16763)
-- Name: cart cart_product_id_508e72da_fk_product_id; Type: FK CONSTRAINT; Schema: public; Owner: admin
--

ALTER TABLE ONLY public.cart
    ADD CONSTRAINT cart_product_id_508e72da_fk_product_id FOREIGN KEY (product_id) REFERENCES public.product(id) DEFERRABLE INITIALLY DEFERRED;


--
-- TOC entry 4846 (class 2606 OID 16768)
-- Name: cart cart_user_id_1361a739_fk_user_id; Type: FK CONSTRAINT; Schema: public; Owner: admin
--

ALTER TABLE ONLY public.cart
    ADD CONSTRAINT cart_user_id_1361a739_fk_user_id FOREIGN KEY (user_id) REFERENCES public."user"(id) DEFERRABLE INITIALLY DEFERRED;


--
-- TOC entry 4842 (class 2606 OID 16703)
-- Name: django_admin_log django_admin_log_content_type_id_c4bce8eb_fk_django_co; Type: FK CONSTRAINT; Schema: public; Owner: admin
--

ALTER TABLE ONLY public.django_admin_log
    ADD CONSTRAINT django_admin_log_content_type_id_c4bce8eb_fk_django_co FOREIGN KEY (content_type_id) REFERENCES public.django_content_type(id) DEFERRABLE INITIALLY DEFERRED;


--
-- TOC entry 4843 (class 2606 OID 16708)
-- Name: django_admin_log django_admin_log_user_id_c564eba6_fk_user_id; Type: FK CONSTRAINT; Schema: public; Owner: admin
--

ALTER TABLE ONLY public.django_admin_log
    ADD CONSTRAINT django_admin_log_user_id_c564eba6_fk_user_id FOREIGN KEY (user_id) REFERENCES public."user"(id) DEFERRABLE INITIALLY DEFERRED;


--
-- TOC entry 4848 (class 2606 OID 16797)
-- Name: order_item order_item_order_id_0ca9e92e_fk_order_id; Type: FK CONSTRAINT; Schema: public; Owner: admin
--

ALTER TABLE ONLY public.order_item
    ADD CONSTRAINT order_item_order_id_0ca9e92e_fk_order_id FOREIGN KEY (order_id) REFERENCES public."order"(id) DEFERRABLE INITIALLY DEFERRED;


--
-- TOC entry 4849 (class 2606 OID 16802)
-- Name: order_item order_item_product_id_62a1cc4c_fk_product_id; Type: FK CONSTRAINT; Schema: public; Owner: admin
--

ALTER TABLE ONLY public.order_item
    ADD CONSTRAINT order_item_product_id_62a1cc4c_fk_product_id FOREIGN KEY (product_id) REFERENCES public.product(id) DEFERRABLE INITIALLY DEFERRED;


--
-- TOC entry 4847 (class 2606 OID 16791)
-- Name: order order_user_id_e323497c_fk_user_id; Type: FK CONSTRAINT; Schema: public; Owner: admin
--

ALTER TABLE ONLY public."order"
    ADD CONSTRAINT order_user_id_e323497c_fk_user_id FOREIGN KEY (user_id) REFERENCES public."user"(id) DEFERRABLE INITIALLY DEFERRED;


--
-- TOC entry 4844 (class 2606 OID 16739)
-- Name: product product_category_id_640030a0_fk_category_id; Type: FK CONSTRAINT; Schema: public; Owner: admin
--

ALTER TABLE ONLY public.product
    ADD CONSTRAINT product_category_id_640030a0_fk_category_id FOREIGN KEY (category_id) REFERENCES public.category(id) DEFERRABLE INITIALLY DEFERRED;


--
-- TOC entry 4838 (class 2606 OID 16673)
-- Name: user_groups user_groups_group_id_b76f8aba_fk_auth_group_id; Type: FK CONSTRAINT; Schema: public; Owner: admin
--

ALTER TABLE ONLY public.user_groups
    ADD CONSTRAINT user_groups_group_id_b76f8aba_fk_auth_group_id FOREIGN KEY (group_id) REFERENCES public.auth_group(id) DEFERRABLE INITIALLY DEFERRED;


--
-- TOC entry 4839 (class 2606 OID 16668)
-- Name: user_groups user_groups_user_id_abaea130_fk_user_id; Type: FK CONSTRAINT; Schema: public; Owner: admin
--

ALTER TABLE ONLY public.user_groups
    ADD CONSTRAINT user_groups_user_id_abaea130_fk_user_id FOREIGN KEY (user_id) REFERENCES public."user"(id) DEFERRABLE INITIALLY DEFERRED;


--
-- TOC entry 4840 (class 2606 OID 16687)
-- Name: user_user_permissions user_user_permission_permission_id_9deb68a3_fk_auth_perm; Type: FK CONSTRAINT; Schema: public; Owner: admin
--

ALTER TABLE ONLY public.user_user_permissions
    ADD CONSTRAINT user_user_permission_permission_id_9deb68a3_fk_auth_perm FOREIGN KEY (permission_id) REFERENCES public.auth_permission(id) DEFERRABLE INITIALLY DEFERRED;


--
-- TOC entry 4841 (class 2606 OID 16682)
-- Name: user_user_permissions user_user_permissions_user_id_ed4a47ea_fk_user_id; Type: FK CONSTRAINT; Schema: public; Owner: admin
--

ALTER TABLE ONLY public.user_user_permissions
    ADD CONSTRAINT user_user_permissions_user_id_ed4a47ea_fk_user_id FOREIGN KEY (user_id) REFERENCES public."user"(id) DEFERRABLE INITIALLY DEFERRED;


-- Completed on 2024-05-04 00:00:12

--
-- PostgreSQL database dump complete
--

